<?xml version="1.0" encoding="UTF-8"?>
<beans xmlns="http://www.springframework.org/schema/beans"
       xmlns:xsi="http://www.w3.org/2001/XMLSchema-instance"
       xsi:schemaLocation="http://www.springframework.org/schema/beans
                           https://www.springframework.org/schema/beans/spring-beans.xsd">

    <!-- DataSource 설정 -->
    <bean id="dataSource" class="org.apache.commons.dbcp2.BasicDataSource">
        <property name="driverClassName" value="com.mysql.cj.jdbc.Driver" />
        <property name="url" value="jdbc:mysql://localhost:3306/kdtcom" />
        <property name="username" value="root" />
        <property name="password" value="1234" />
    </bean>

    <!-- MyBatis SqlSessionFactory 설정 -->
    <bean id="SqlSessionFactory" class="org.mybatis.spring.SqlSessionFactoryBean">
        <property name="dataSource" ref="dataSource" />
        <property name="configLocation" value="classpath:mybatis-config.xml" />
    </bean>

    <!-- MyBatis SqlSessionTemplate 연결 -->
    <bean id="sqlSessionTemplate" class="org.mybatis.spring.SqlSessionTemplate">
        <constructor-arg index="0" ref="SqlSessionFactory" />
    </bean>

    <!-- Mapper 스캔 설정 -->
    <bean class="org.mybatis.spring.mapper.MapperScannerConfigurer">
        <property name="basePackage" value="net.taehyeon.kdtcom.mapper" />
    </bean>

</beans>
