<?xml version="1.0" encoding="UTF-8"?>
<!DOCTYPE tiles-definitions PUBLIC
       "-//Apache Software Foundation//DTD Tiles Configuration 3.0//EN"
       "http://tiles.apache.org/dtds/tiles-config_3_0.dtd">
<tiles-definitions>
	<!-- 관리자모드 -->
	<definition name="kdtcom.admin.*"
		template="/WEB-INF/views/inc/layout/adminlayout.jsp">
		<put-attribute name="title" value="KDT Comunity 관리자 모드" />
		<put-attribute name="header"
			value="/WEB-INF/views/inc/admin/header.jsp" />
		<put-attribute name="aside"
			value="/WEB-INF/views/inc/admin/aside.jsp" />
		<put-attribute name="body"
			value="/WEB-INF/views/admin/{1}.jsp" />
		<put-attribute name="footer"
			value="/WEB-INF/views/inc/admin/footer.jsp" />
	</definition>
	
	<definition name="kdtcom.*"
		template="/WEB-INF/views/inc/layout/layout.jsp">
		<put-attribute name="title" value="tiles 템플릿" />
		<put-attribute name="header"
			value="/WEB-INF/views/inc/header.jsp" />
		<put-attribute name="aside"
			value="/WEB-INF/views/inc/aside.jsp" />
		<put-attribute name="body"
			value="/WEB-INF/views/{1}.jsp" />
		<put-attribute name="footer"
			value="/WEB-INF/views/inc/footer.jsp" />
	</definition>

</tiles-definitions>